T, Time_TAS, Time_TTAS
1,0.0574742,0.0436612
5,0.0388559,0.0318666
9,0.045511,0.0396407
13,0.0561678,0.0624082
17,0.101848,0.0726607
21,0.104443,0.0892699
25,0.143736,0.113007
29,0.153166,0.126279
33,0.153566,0.115766
37,0.172922,0.136741
