T, Time_alocks, Time_clhlock
1,0.0038296,0.0038643
5,0.0063513,0.0037818
9,0.0054325,0.0058659
13,0.0083038,0.0062479
17,0.0085457,0.0084976
21,0.0091365,0.0088278
25,0.0140388,0.0104658
29,0.0119443,0.0120768
33,0.0140974,0.0138368
37,0.0147705,0.0154637
