T, Time_alocks, Time_clhlock, Time_mcslock
1,0.0232899,0.0285556,0.022987
5,0.00656828,0.00710472,0.00665801
9,0.00509886,0.00592292,0.00510245
13,0.00453233,0.005289,0.00498824
17,0.00413179,0.00507924,0.00457111
21,0.00414542,0.00503026,0.00493898
25,0.00430954,0.00472687,0.0044613
29,0.00406574,0.00473241,0.00434834
33,0.00423371,0.00474172,0.0043387
37,0.00399954,0.00470287,0.00436575
