T, Time_TAS, Time_TTAS
1,0.0215786,0.0204345
5,0.0331889,0.0303002
9,0.0459487,0.0428678
13,0.0613745,0.0579282
17,0.0895913,0.0805733
21,0.0938019,0.100869
25,0.112627,0.111003
29,0.144528,0.127321
33,0.149544,0.141198
37,0.171621,0.168032
