T, Time_alocks, Time_clhlock, Time_mcslock
1,0.76711,2.91192,3.71644
5,0.0009411,0.00034,0.0004032
9,0.000813799,0.0012671,0.0009124
13,0.000824299,0.0008691,0.000758
17,0.0012769,0.0015376,0.0013405
21,0.0016562,0.0015606,0.0016694
25,0.0019104,0.0016258,0.0017882
29,0.0019654,0.0018881,0.0019825
33,0.0020725,0.0024099,0.0024129
37,0.0022771,0.0099783,0.0029379
