T, Time_taslock, Time_ttaslock, Time_alock, Time_clhlock, Time_mcslock
1,0.0219798,0.0235051,0.0231555,0.0231056,0.0216877
6,0.00534216,0.00534514,0.00598114,0.00517104,0.00526584
11,0.00575,0.00525559,0.00616135,0.00489583,0.00484768
16,0.00463203,0.0044462,0.00606716,0.00432479,0.00425964
21,0.00448625,0.0046441,0.00608231,0.00422055,0.00421651
26,0.00420096,0.00567263,0.005009,0.00442295,0.00426803
31,0.00472901,0.00604113,0.00445921,0.00409933,0.00413597
36,0.00443173,0.00479814,0.004151,0.00416872,0.00406059
